{
  "hash": "01f0dc79",
  "configHash": "8057036b",
  "lockfileHash": "3872c948",
  "browserHash": "c9b8107b",
  "optimized": {
    "@angular/common": {
      "src": "../../../../../../node_modules/@angular/common/fesm2022/common.mjs",
      "file": "@angular_common.js",
      "fileHash": "a011c40b",
      "needsInterop": false
    },
    "@angular/core": {
      "src": "../../../../../../node_modules/@angular/core/fesm2022/core.mjs",
      "file": "@angular_core.js",
      "fileHash": "54606f4a",
      "needsInterop": false
    },
    "@angular/platform-browser": {
      "src": "../../../../../../node_modules/@angular/platform-browser/fesm2022/platform-browser.mjs",
      "file": "@angular_platform-browser.js",
      "fileHash": "2cbb5e1d",
      "needsInterop": false
    },
    "@angular/router": {
      "src": "../../../../../../node_modules/@angular/router/fesm2022/router.mjs",
      "file": "@angular_router.js",
      "fileHash": "15a1a3d5",
      "needsInterop": false
    },
    "@angular/forms": {
      "src": "../../../../../../node_modules/@angular/forms/fesm2022/forms.mjs",
      "file": "@angular_forms.js",
      "fileHash": "8ccf1dbd",
      "needsInterop": false
    },
    "@angular/common/http": {
      "src": "../../../../../../node_modules/@angular/common/fesm2022/http.mjs",
      "file": "@angular_common_http.js",
      "fileHash": "c5a37213",
      "needsInterop": false
    }
  },
  "chunks": {
    "chunk-I56QQK4M": {
      "file": "chunk-I56QQK4M.js"
    },
    "chunk-MWJ76KEP": {
      "file": "chunk-MWJ76KEP.js"
    },
    "chunk-4ZICNT4A": {
      "file": "chunk-4ZICNT4A.js"
    },
    "chunk-6PDN4FSY": {
      "file": "chunk-6PDN4FSY.js"
    },
    "chunk-PR7ILNDV": {
      "file": "chunk-PR7ILNDV.js"
    }
  }
}